name,phone,email,website,address,location
A. Carnevalli & Cia. Ltda.,+55 11 24133811,comercial@carnevalli.com,https://www.carnevalli.com,"Av. Guinle, 160-Cumbica, Guarulhos SP, 07221-070, Brazil",Hall 16 / C70
A. M. Ramp & Co. GmbH,+49 6198 304-0,info@ruco-inks.com,https://www.ruco-inks.com,"Lorsbacher Str. 28, Eppstein, 65817, Germany",Hall 4 / C18
"A.F. Supercell Co., Ltd.",+66 2 2402423,afsupercell@af.co.th,https://www.afsupercell.com,"70/7 Moo 3, Tambol Pananikom Amphur Nikompattana, Rayong, 21180, Thailand","Hall 7, level 0 / B23"
A.J. Plast Public Company Limited,+66 2 4150035-195,export@ajplast.co.th,https://www.ajplast.co.th,"95, Thakarm Road Samaedam, Bangkhuntien, Bangkok, 10150, Thailand","Hall 7, level 1 / A23"
A.T.F. S.r.l. A.T.F. Automations,+39-031-491398,sales@atfsrl.com,https://www.atfsrl.com,"Via Giotto, 35, Lurate Caccivio (CO), 22075, Italy",Hall 3 / F57
AAS Advanced Automation Systems Ltd.,+357 25 399962,aas@aasystems.eu,https://www.aasystems.eu,"12, Andrea Araouzou St., Limassol, 3056, Cyprus",Hall 12 / D13
Aawadkrupa PlastomechPrivate Limited (APPL - India),+91 278 9925407011,export@akiropes.com,https://www.akiropes.com,"'Aawadkrupa survey no-131-A, Navagam Bhavnagar-Rajkot Highway, Gujarat, Bhavnagar, 364060, India",Hall 12 / A37
Abate Basilio & C. SNC,+39-030-963586,info@abatestampi.it,https://www.abatebasilio.com,"Via Arturo Maestri, 11/13, Calcinato (BS), 25011, Italy",Hall 1 / C65
ABIEF - ASSOCIACAO BRASILEIRA DA INDÚ- STRIA DE EMBALAGENS PLÁSTICAS FLEXÍVEIS,+55 11 30324092,financeiro@abief.org.br,https://www.abief.org.br,"Avenida Paulista, 2439 - 8º Andar, São Paulo, 01311936, Brazil",North Entrance 1 / N1-03
Able-Speed Sdn. Bhd.,+60-7-5627235,info@ablespeed.com,https://www.ablespeed.com,"No 25, Jalan Perniagaan Setia 6 Taman Perniagaan Setia, Johor Bahru, 81100, Malaysia","Hall 7, level 2 / C11"
aboni GmbH,+49 3320 920327,info@aboni.de,https://www.aboni.de,"Friedrich-Ebert-Str. 27, Schwielowsee, 14548, Germany",Hall 11 / G17
AC VISTA GmbH,+43-662-823888-0,office_vista@auc.systems,https://www.auc.systems,"Alpenstr. 99, Salzburg, 5020, Austria",Hall 12 / F35-03
Accrapak Systems Limited,+44 1925 2229-26,enquiries@accrapak.co.uk,https://www.accrapak.co.uk,"Unit 57 Burtonwood Ind. Centre, Warrington Cheshire, WA5 4HX, United Kingdom of Great Britain and Northern Ireland",Hall 9 / E31
"ACERETECH MACHINERY CO., LTD",+86-512-58622012,sales05@aceretech.com,https://www.aceretech.com,"No.19 Dongsha Changfu Road, Nanfeng Town, Zhangjiagang City Jiangsu Province, 215628, China",Hall 9 / D49
ACES Pros in Plastics BV,+31 316 294033,info@aces-plastics.com,https://www.aces-plastics.com,"Edisonstraat 90, Zevenaar, 6902 PK, Netherlands",Hall 8a / H14
ACH Solution GmbH,+43-7245-25570-0,office@ach-solution.at,https://www.ach-solution.at,"Gewerbepark 5, Fischlham, 4652, Austria",Hall 12 / F36
Acim Jouanin SAS,+33 2 32383333,jouanin@acim-jouanin.fr,https://www.acim-jouanin.fr,"650, rue Vulcain ZI Netreville, Evreux, 27000, France",Hall 11 / F48
ACMA SERVICE srl,+39-0532-350600,info@acmaservice.com,https://www.acmaservice.com,"Via ex Dogana, 5, Casumaro (FE), 44041, Italy",Hall 10 / E02
Acme Drinktec solutions llp,+91 98 10418975,sales@acmedrinktec.com,https://www.acmedrinktec.com,"C65, Mayapuri Phase ii, Industrial Area, New Delhi, 110064, India",Hall 1 / D97
ACTEGA GmbH,+49-421-39002-0,info.actega.ds@altana.com,https://www.actega.com,"Abelstraße 43, Wesel, 46483, Germany",Hall 8a / F11-03
AcXys Technologies SAS,+33-4-76756079,info@acxys.com,https://www.acxys.com,"50, Bis rue de Vingt Toises, Saint Martin le Vinoux, 38950, France",Hall 3 / D72-03
Addex Inc.,+1 315 3317700,addex@addexinc.com,https://www.addexinc.com,"251 Murray St., Newark NY, 14513, USA",Hall 17 / C41
Addform Limited,+44 151 6591102,richard.glen@addform.co.uk,https://www.addform.co.uk,"Unit 21 Owen Court Skypark Industrial Estate, Liverpool, L24 1YL, United Kingdom of Great Britain and Northern Ireland",Hall 8b / H47
Addiplast Group S.A.S.,+33-4-71751090,contact@addiplast-group.com,https://www.addiplast-group.com,"ZI de Campine Allee Pierre et Marie Curie, Saint Pal de Mons, 43620, France",Hall 5 / D04-16
Addvanze AB,+46-42-4453300,info@addvanze.com,https://www.addvanze.com,"Makadamgatan 19, Helsingborg, 254 64, Sweden",Hall 8a / F20
ADEKA Polymer Additives Europe SAS,+33 3 68750530,contact@adeka-pa.eu,https://www.adeka-pa.eu,"13, rue du 17 Novembre, Mulhouse, 68100, France",Hall 6 / A11
Adescor Inc.,+1 246 1030-138,bvanvalkenburg@parmerit.com,https://www.adescor.com,"705, Wright Street, Strathroy, N7G4L3, Canada",Hall 16 / F74
Adler S.r.l.,+39-0332-916217,granulator@adlerbuzzi.com,https://www.adlerbuzzi.com,"Via Oltrona, 19, Barasso (VA), 21020, Italy",Hall 9 / C52
Adsale Publishing Limited,+852-2811-8897,cprj@adsale.com.hk,https://www.adsale.com.hk,"6th Floor, 321 Java Road North Point, Hong Kong, Hong Kong, China SAR",North Entrance 1 / N1-02
ADVANCE BIO MATERIAL CO PVT LTD,+91 80 80209351,info@advancebioplast.com,https://www.advancebioplast.com,"525, Avior, Nirmal Galaxy, LBS Road, Mulund-West, Mumbai, 400080, India","Hall 7, level 2 / E10"
ADVANCED & FUNCTIONAL TECHNOLOGIES FOR BIOCOMPOSITES S.L.,+34 96 820000,info@adbioplastics.com,https://www.adbioplastics.com,"Albert Einstein 5, Paterna - Valencia, 46980, Spain",Hall 8a / C34
Advanced Blending Solutions LLC,+1-906-9144180,sales@adv-blend.com,https://www.adv-blend.com,"W5649 County Road 342, Wallace MI, 49893, USA",Hall 13 / A89-8
Advanced Petrochemical Company JOINT STOCK,+966 13 3566000,info@advancedpetrochem.com,https://www.advancedpetrochem.com,"Industrial City, Jubail, 31961, Saudi Arabia",Hall 8a / G36
Advantage Austria Wirtschaftskammer Österreich Außenwirtschaft Austria,+43-5-90900-0,aussenwirtschaft.industry@wko.at,https://www.advantageaustria.org,"Wiedner Hauptstrasse 63, Wien, 1045, Austria",Hall 12 / F35-09
"AENOR CONFÍA, S.A.U.",+34 91 4326000,certificacionproducto@aenor.com,https://www.aenor.es,"Génova 6, Madrid (Spain), Madrid, 28004, Spain",Hall 8a / E12-02
Aerodry Plastics Automation Pvt. Ltd.,+91 120 4766777,info@aerodry.com,https://www.aerodry.com,"F-52 & 53, Sector-11, Noida, 201301, India",Hall 10 / H52
AEROFİX KİMYA A.Ş,+90 212 8070011,k.kucuk@aerofix.com.tr,https://www.aerofix.com.tr,"Gökevler Mahallesi̇ 2312 Sokak no: 16 g Ginza Corner Plaza kat: 9 Ofis: 109, ESENYURT/İstanbul, 34517, Türkiye",Hall 1 / E90
"AES Moldes, Lda.",+351-244-574870,commercial@aesmolds.com,https://www.aesmolds.com,"Rua Industrial da Barosa Carreira de Água, Leiria, 2400-016, Portugal",Hall 1 / A46-09
Aetna Group S.p.A.,+39-051-791611,info@robopac.com,https://www.robopac.com,"S.p. Marecchia, 59, Villa Verucchio (RN), 47826, Italy",Hall 13 / C28
"AETP Co.,Ltd.",+82-70-4773-2120,sale@aetp.co.kr,https://www.aetp.co.kr,"6-3, Seowon-Ro 160beon-Gil, Seowon-Myeon Hoengseong-Gun, Gangwon-Do, Gangwon-do, 25201, Korea, Republic",Hall 3 / E47
AF-COLOR Zweigniederlassung der AKRO-PLASTIC GmbH,+49 2636 80920,info@af-color.com,https://www.af-color.com,"Industriegebiet Scheid 27, Niederzissen, 56651, Germany",Hall 6 / C76
AFS Entwicklungs- und Vertriebs GmbH,+49 8294 80494-0,info@afs.biz,https://www.afs.biz,"Von-Holzapfel-Str. 10, Horgau, 86497, Germany",Hall 10 / H47
"AGC Chemicals Europe, Ltd.",+44 1253 209560,agcce.marketing@agc.com,https://www.agcce.com,"Hillhouse International Fleetwood Road North, Thornton Cleveleys Lancashire, FY5 4QD, United Kingdom of Great Britain and Northern Ireland",Hall 7a / D03
AGRANA Stärke GmbH,+43-121-137,info.staerke@agrana.com,https://www.agrana.com,"Friedrich-Wilhelm-Raiffeisen-Platz 1, Wien, 1020, Austria",Hall 5 / F30-04
AGRIPAK S.r.l.,+39 02 320625427,agripak@agripak.com,https://www.agripak.com,"Via Monte Rosa 67, Milano, 20149, Italy",Hall 17 / A76
AGRODUR Grosalski GmbH & Co. KG,+49 2755 8880,info@agrodur.de,https://www.agrodur.de,"Alexander-Mack-Str. 20, Bad Berleburg, 57319, Germany",Hall 6 / D76
AGS Automation Greifsysteme Schwope GmbH,+49 2204 96810-10,info@ags-automation.de,https://www.ags-automation.de,"Braunsberger Feld 15, Bergisch Gladbach, 51429, Germany",Hall 12 / B37
AHP Merkle GmbH,+49 7665 4208-0,mailbox@ahp.de,https://www.ahp.de,"Nägelseestr. 39, Gottenheim, 79288, Germany",Hall 1 / D01
AHP PLASTIK MAKINA SANAYI VE TICARET LIMITED,+90-212-872-5280,info@ahp-makina.com,https://www.ahp-makina.com,"No. 78, A Block, Perlavista Bldg. Beylikduzu, Istanbul, 34528, Türkiye",Hall 11 / D57
Aigle Macchine S.r.l.,+39 011 2624382,info@aigle.it,https://www.aigle.it,"Via Donatello, 8, Borgaro Torinese (TO), 10071, Italy",Hall 4 / C04
Aikya Global Inc.,+1-647-7672700,,https://www.aikyaglobal.com,"82, Fallingdale Crescent, Brampton, L6T 3J6, Canada","Hall 7, level 2 / C21"
AIMPLAS PLASTICS TECHNOLOGY CENTRE,+34-961-366-040,info@aimplas.es,https://www.aimplas.net,"C/ Gustave Eiffel, 4 Parque Tecnológico de Valencia, Paterna (Valencia), 46980, Spain",Hall 8a / E12-06
"Ainy Ele-Machanical Co., Ltd",+86 22 25324665,bjsyf@vip.163.com,https://www.cnainy.com,"No. 8, Hongze Road, Teda, Tianjin, 300457, China","Hall 7, level 2 / B11"
Airprotech S.r.l.,+39-02-9790466,info@airprotech.eu,https://www.airprotech.eu,"Via F.lli Bronzetti 10/12, Magenta (MI), 20013, Italy",Hall 4 / E02
Airtec Thermoprocess GmbH Industrieofenbau,+49 2872 94899-0,info@airtec-gmbh.de,https://www.airtec-gmbh.de,"Heinrich-Hertz-Str. 2, Rhede, 46414, Germany",Hall 11 / E67
AISA Automation Industrielle S.A.,+41 24 4820110,info@aisa.com,https://www.aisa.com,"Av. de Savoie 61, Vouvry, 1896, Switzerland",Hall 4 / A35
Akdemir End. Amb. Mak. San. Tic. Ltd. Sti.,+90-352-3213004,sales@akdemirmakina.com.tr,https://www.akdemirmakina.com.tr,"Organize Sanayi Bölgesi, 16, Cad. No: 49, Melikgazi-Kayseri, 38070, Türkiye",Hall 3 / G71
Akdeniz Chemson Kimya San. ve Tic. A.S.,+90-232-877-0144,info@akdenizchemson.com,https://www.akdenizchemson.com,"Kemalpasa O.S.B. Mah No. 45 Kemalpasa Asfalti Caddesi, Kemalpasa-Izmir, 35735, Türkiye",Hall 6 / C11
AKKAYA EPS MAK.IML.SAN.VE TIC.A.S.,+90 282 6555894,info@akkaya-akkaya.com,https://www.akkaya-akkaya.com,"Ulaş OSB Mah. 202. Sok. No:12/1 Ergene, Tekirdag, 59930, Türkiye",Hall 13 / D16
AKPA Chemie GmbH,+49 151 63855921,gokhan.gursoy@akpachemie.de,https://akpachemie.de,"Escherholzweg 5a, Gilching, 82205, Germany","Hall 7, level 1 / A43"
Akport Makine Sanayi ve Ticaret Ltd. Sti.,+90 212 8765313,info@akportmakine.com,https://www.akportmakine.com,"Mermerciler San. Sit. 2. Bulvar No: 10 Beylikduzu, Istanbul, 34524, Türkiye",Hall 17 / C73
AKRO-PLASTIC GmbH,+49 2636 9742-0,info@akro-plastic.com,https://www.akro-plastic.com,"Industriegebiet Brohltal Ost Im Stiefelfeld 1, Niederzissen, 56651, Germany",Hall 6 / C76
Akron Ohio USA,+1-330-3752133,,https://www.akronohio.gov,"388 South Main Street, Suite 205, Akron OH, 44333, USA",Hall 13 / A89-13
AKSHAY ENTERPRISE,+91-288-2730797,info@abcbrass.com,https://www.abcbrass.com,"Plot No.3909, Road No.'W, Phase III Dared, G.I.D.C, Jamnagar, 361004, India",Hall 1 / C84
Al Rehab CHEM Trading LLC,+971-52-9054110,islam.fekry@alrehabchem.com,https://www.alrehabchem.com,"Sit Tower - Silicon Oasis, Dubai, 121500, United Arab Emirates","Hall 7, level 2 / C14"
Al Sharq Flexible Packaging Factories LL,+966 55 1280000,irfan@alsharqflex.com,https://www.alsharqflex.com,"2nd Industrial Area Street No. 190, Riyadh, 11411, Saudi Arabia","Hall 7, level 1 / B02"
AL-MAK Ates Makine San. ve Ticaret A.S.,+90-212-4410177,almak@almakmakina.com,https://www.almakmakina.com,"AkÇaburgaz Mah.3137 Sokak No.22/2 Esenyurt, Istanbul, 34522, Türkiye",Hall 11 / D22-06
AL.MA. S.r.l. Packing and Packaging Machinery,+39 031 904491,info@almapackaging.com,https://www.almapackaging.com,"Via G. Rossini, 3, Cadorago (CO), 22071, Italy",Hall 3 / A20
Alamere Medical Corporation,+1 928 8987571,alameremedical@gmail.com,https://www.alameremed.com,"2021, North California Boulevard,, Walnut Creek, 94595, USA","Hall 7, level 2 / A18"
Alarge Alic Agacı Mechanic Electronic R&D Industry and Trade Ltd. Co.,+90 212 2786102,info@alarge.com.tr,https://www.alarge.com.tr,"Ciftehavuzlar Mahallesi YTU Technopark, Block: d2. No: 2b01, Esenler/Istanbul, 34220, Türkiye",Hall 11 / G46
Albemarle,+1 980 2995693,christina.dahlman@albemarle.com,https://www.albemarle.com,"4250, Congress st Suite 900, Charlotte, 28209, USA",Hall 6 / D61
ALBIS Distribution GmbH & Co. KG,+49-40-78105-0,info@albis.com,https://www.albis.com,"Mühlenhagen 35, Hamburg, 20539, Germany",Hall 6 / A62
Albrecht Bäumer GmbH & Co. KG,+49-2734-289-0,contact@baeumer.com,https://www.baeumer.com,"Asdorfer Str. 96-106, Freudenberg, 57258, Germany",Hall 3 / A33
ALEMO Strojegradnja d.o.o.,+386 5 3932485,info@alemo.eu,https://alemo.eu,"Mednarodni Prehod 6, Sempeter pri Gorici, 5290, Slovenia",Hall 16 / C06
ALESSIOHITECH SRL,+39 035 4934811,comm@alessiohitech.com,https://www.alessiohitech.com,"Via Torre, 15, Medolago (BG), 24030, Italy",Hall 13 / D90
Alfa Merdane Kauçuk San. ve Tic. A.Ş.,+90 212 8750875,info@alfamerdane.com,https://www.alfamerdane.com,"Yakuplu Mah. 226.sk. No:3/1, Beylikdüzü Istanbul, 34524, Türkiye",Hall 11 / H29
"ALFARBEN, S.A.",+34-964-360063,alfarben@alfarben.com,https://www.alfarben.com,"Av. Castellón, km 21, 5, L'Alcora (Castellon), 12110, Spain",Hall 5 / B02
ALFATECH S.r.l.,+39-0331-814970,info@alfatech-it.com,https://www.alfatech-it.com,"Via Lecco, 12, Tradate (VA), 21049, Italy",Hall 16 / E68
Alimatic S.L.,+34 63790853 6525680,alimatic@alimatic.com,https://www.alimatic.com,"Andorra, 19 B-C, Sant Boi de Llobregat (Barcelona), 08830, Spain",Hall 10 / G14
Alkegen Unifrax and Lydall,+1-716-768-6500,,https://www.alkegen.com,"5215 N. O'Connor Blvd Suite 2300, Irving TX, 75039, USA",Hall 13 / A89-10
ALLOD Werkstoff GmbH & Co. KG,+49-9843-98089-0,information@allod.com,https://www.allod.com,"Steinacher Str. 3, Burgbernheim, 91593, Germany",Hall 6 / C54-01
Allstein GmbH,+49-5221-69499-10,info@allstein.com,https://www.allstein.com,"Bunsenstr. 24, Herford, 32052, Germany",Hall 4 / A57
"ALLWIN PRECISION MOULD CO.,LTD",+86-755-28198157,julie.wen@allwintechcn.com,https://www.allwintechcn.com,"Ruyifa Industrial Zone, Guanhu Street Long Hua District, Shenzhen Guangdong, 518110, China",Hall 8b / A17
almaak international GmbH,+49 2151 496-0,info@almaak.de,https://www.almaak.de,"Elbestr. 29, Krefeld, 47800, Germany",Hall 8b / D60
Alok Masterbatches Pvt. Ltd.,+91 11 41612244,info@alokindustries.com,https://www.alokmasterbatches.com,"227, Okhla Estate, Phase III, New Delhi, 110020, India",Hall 8a / B12
ALOXE FRANCE SAS,+33 67634763 676347635,contact@aloxe.one,https://www.aloxe.one,"258, rue Alexandre Pourcel Parc D'Activités Moselle Rive Gauche, Messein, 54850, France",Hall 5 / D04-14
Alpha Calcit Füllstoff GmbH & Co. KG,+49 2236 8914-0,info@alpha-calcit.de,https://www.alpha-calcit.de,"Otto-Hahn-Str. 9-11, Köln, 50997, Germany",Hall 8a / E13
Alpha Wings Industry Limited,+1 236 8696536,info@alphawings.ca,https://www.alphawings.ca,"Suite 300, 15300 Croydon Drive, Surrey BC, V3Z0Z5, Canada","Hall 7, level 1 / D28"
alphacam GmbH,+49-7181-9222-0,info@alphacam.de,https://www.alphacam.de,"Erlenwiesen 16, Schorndorf, 73614, Germany",Hall 4 / C12
ALPHAMAC SRL,+39-051-6514111,alessia.dosio@ima.it,https://www.alphamac.it,"Via Rinascita 25, Ozzano Emilia bo, 40064, Italy",Hall 14 / B18
ALREC-TEC GmbH,+49 6029 9936690,info@alrec-tec.de,https://www.alrec-tec.de,"Molkenberg 18, Mömbris, 63776, Germany",Hall 9 / A21
Alsa Plastik Ambalaj SAN ve TİC LTD ŞTİ,+90-532-37947,info@alsaplastik.com.tr,https://www.alsaplastik.com.tr,"Osmangazi Mahallesi 2647. Sokak No:32, Istanbul/ Esenyurt, 34000, Türkiye","Hall 7, level 1 / A05"
ALTECH MAKİNE SANAYİ VE TİCARET A.Ş.,+90-212-5052273,altech@altechmakina.com,https://www.altechmakina.com,"Akcaburgaz Mah. 3137 Sokak No. 22/1, Kirac-Esenyurt/Istanbul, 34522, Türkiye",Hall 9 / C45
Altero Recycling Machinery S.L.,+34-93-7150607-70,info@alteromachinery.com,https://www.alteromachinery.com,"Can Clapers 29 Nave 2a, Sentmenat, 08181, Spain",Hall 10 / G10
Alti Systems SAS,+33 6 70349117,sgilles@alti-techniques.fr,https://www.alti-systems.fr,"La Croix Saint Martin ZA Chavanon, Monistrol Sur Loire, 43120, France",Hall 11 / H68
Altynarna Geosynthetics LLP,+7 747 8312421,marketing@rikaz.kz,https://altynarna.kz,"Karaganda Region, Bukhar-Zhyrau District With. Doskey, Accounting Quarter 028, Karaganda, 100408, Kazakhstan",Hall 8b / F74
Alucha Works BV,+31-6-28160582,gijs.jansen@alucha.com,https://www.alucha.com,"Lange Linden 31, Katwijk nb, 5433 NB, Netherlands",Hall 8a / H29
ALWA Technische Produkte für Kunststoffverarbeitung Modell- und Formbau GmbH,+49 2562 98157,info@alwa.de,https://www.alwa.de,"Röntgenstr. 1, Gronau, 48599, Germany",Hall 5 / A14
Alwan Company,+20 2 1209506,info@alwanpur.com,https://www.alwanpur.com,"Plot 141 East el Robeiky Road, Badr City Cairo, 11829, Egypt","Hall 7, level 2 / B17"
Amandus Kahl GmbH & Co. KG,+49 40 72771-0,info@akahl.de,https://www.akahl.com,"Dieselstr. 5-9, Reinbek, 21465, Germany",Hall 10 / B51
AMAPLAST Italian Plastics and Rubber Processing Machinery and Moulds Manufacturers&#8217; Association,+39-02-8228371,info@amaplast.org,https://www.amaplast.org,"Centro Direzionale Milanofiori Palazzo F/3, Assago (MI), 20057, Italy",Hall 16 / A56
Ambica Engineering & Wire Industries,+91 79 22871245,ambica@ambicagroup.com,https://www.ambicagroup.com,"L-45, G.i.d.c. Estate, Odhav, Ahmedabad, 382 415, India",Hall 12 / D79
AMI PHTHALO PIGMENTS (Partnership),+91-98-24031451,ankit.patel@amiphthalo.com,https://www.amiphthalo.com,"1902, Phase-Iv, Gidc Vatva, Ahmedabad, 382445, India",Hall 5 / B05-01
AMIK ITALIA SPA,+39 02 5072921,amik@amikitalia.it,https://www.amikitalia.com,"Via Mecenate 84/B, Milano, 20138, Italy",Hall 8b / C61
AMIS Maschinen-Vertriebs GmbH,+49 6226 78900,info@amis.de,https://www.amis.de,"Im Rohrbusch 15, Zuzenhausen, 74939, Germany",Hall 9 / D41
Ampacet Europe SA,+352-29-20991,marketing.europe@ampacet.com,https://www.ampacet.com,"Z.a.e. Wolser h, 130, Dudelange, 3451, Luxembourg",Hall 5 / C24
Ampacet Israel Ltd.,+972-4-9028800,uri@liadsmart.com,https://liadsmart.com,"Sky St, Misgav Industrial Park, Misgave, 2017400, Israel",Hall 11 / I54
AMS BELGIUM BV,+32-475-286682,johan.potargent@amsrobotics.com,https://www.ams-innovation.com,"Kieleberg 5, Bilzen, 3740, Belgium",Hall 12 / F46
Amut S.p.A.,+39-0321-6641,info@amut.it,https://www.amut.it,"Via Cameri, 16, Novara, 28100, Italy",Hall 16 / A05
AMUTEC SRL,+39 055 8550059,ufficio.commerciale@amutecsrl.com,https://www.amutecsrl.com,"Via Donzelli da Poneta 22, Greve in Chianti (FI), 50022, Italy",Hall 3 / B54
ANADOLU MİKRONİZE KİMYA SAN. VE TİC ANONİM ŞİRKETİ CO. LTD.,+90-212-5831131,purchase@anadolumikronize.com.tr,https://www.anadolumikronize.com.tr,"Oruçreis Mahallesi Tekstilkent Cad. Koza Plaza A Blok No: 17, Esenkent-Istanbul, 34235, Türkiye",Hall 8a / H50
ANADOLU TEL DOKUMA SAN.VE DIS.LTD.STI.,+90-212-4859525,sales2@anadolutel.com.tr,https://www.anadolutel.com.tr,"Ikitelli OSB Mah. Tormak Sanayi Sitesi P Blok No:30, Basaksehir/Istanbul, 34490, Türkiye",Hall 11 / C18-05
ANAIP (Spanish Association of Plastics Industry),+34-91-3565455-720400,mcarmen.delamo@anaip.es,https://www.anaip.es,"Coslada, 18, Madrid, 28028, Spain",Hall 8a / E12-03
ANANTA MOULDS PVT. LTD.,+91-401208-09022072381,accounts@anantamouldsindia.com,https://ananta@anantamouldsindia.com,"Building No.- 04, Gala No.- 04, Modern I, Vasai, 401208, India",Hall 12 / D70-07
Anar Rubtech Pvt. Ltd,+91-79-22743428,info@anarrubber.com,https://anarrubber.com,"7, Panchal Industrial Estate Near SBI Bank Bapunagar, Ahmedabad, 380024, India",Hall 12 / D70-09
"AND&OR, S.L.U.",+34 954 779200,andyor@andyor.com,https://www.andyor.com,"Pi el Limon Avda. Europa, 6, Palomares Del Rio (Sevilla), 41928, Spain",Hall 14 / B05
Angleter UAB,+370 646 02821,info@angleter.lt,https://www.angleter.lt,"Tiesioji Street 11, Alytus, 64106, Lithuania",Hall 1 / E92
"Anhui Dwell Extrusion Machinery Co., Ltd",+86-550-3975588,salpmy@dwell-extrusion.com,https://www.dwell-extrusion.com,"No.555, Hangzhou North Road, Chuzhou City, Anhui, 239000, China",Hall 15 / A46-1
Anhui Fulin Environmental Science and Technology Co. LTD.,+86 561 13957308283,liuhaomiao@ahflhb.com,https://www.ahflhb.com,"No. 1, Xinnan Road, Duanyuan Town, Duji District, Huaibei Anhui, 235058, China",Hall 5 / E08
"ANHUI GOLD STAR TITANIUM DIOXIDE (GROUP) CO.,LTD.",+86 510 85016667,chti@sinotio2.com,https://www.zhtb.com,"No.1 Xinhua Road, Cihu Economic Development Zone, Maanshan, 243000, China","Hall 7, level 2 / F11"
"Anhui Jumei Biological Technology Co., Ltd",+86-553-3019228,info@ah-jumei.com,https://www.ahjmsw.com,"No.23, Liulang Road, Xinwu Economic Development Zone, Wanzhi District, Wuhu Anhui, 241000, China","Hall 7, level 1 / E03-10"
"ANJI HENANPLASTIC MACHINERY CO., LTD.",+86 371 65654729,sc@anjiplast.com,https://www.anjiplast.com,"Industrial Road Located New Zone Zhandia Wuzhi County, Jiaozuo Henan, 454971, China",Hall 10 / H46
Anton Paar GmbH,+43 664 6192898,daniela.kratz@anton-paar.com,https://www.anton-paar.com,"Anton-Paar-Str. 20, Graz, 8054, Austria",Hall 10 / A14
Anupam Heaters & Controls Pvt. Ltd.,+91 22 258380-51,info@anupamheaters.com,https://www.anupamheaters.com,"Sumagal Plot No. A 284 Rd. No. 30 Wagle Ind. Estate, Thane (W), Mumbai, 400604, India",Hall 11 / D56
ANWIL S.A.,+48 24 2021222,anwil@anwil.pl,https://www.anwil.orlen.pl,"Toruńska 222, Włocławek, 87-805, Poland",Hall 7a / C01
ANYBRID GmbH,+49-351-463-38269,messeanybrid@anybrid.de,https://anybrid.de,"Marschnerstr. 39, Dresden, 01307, Germany","Hall 7, level 0 / C07"
Anysort Anhui Jiexun Optoelectronic Technology Co. Ltd.,+86 551 6426695,jasper@ahjiexun.com,https://www.hfjiexun.com,"No.6 Xiaocheng Road of Industrial Park, Hefei, 23000, China",Hall 10 / D30
"Aoki Technical Laboratory, Inc.",+81 268 820111,inquiries@aokitech.co.jp,https://www.aokitech.co.jp,"4963-3, Minamijo Sakaki-Machi, Hanishina-Gun, Nagano-Ken, 389-0603, Japan",Hall 14 / B67
Apex-Desco Machine Company Corp.,+1 954 5661572,email@apexmachine.com,https://www.apexmachine.com,"3000 NE 12 Terrace, Fort Lauderdale FL, 33334, USA",Hall 4 / C21
Applied Plasma Inc,+82-54-604-0099,sales@apinc.co.kr,https://www.apinc.co.kr,"23-31, 4gongdan-Ro 7-Gil, Gumi-Si, Gyeongsangbuk-do, Gumi-Si, 39422, Korea, Republic",Hall 11 / A04
Apras Polymers Pvt. Ltd Company,+91 94034 65046,info@apras.co.in,https://apras.co.in,"Apras Polymers J-18, Near Mahindra Epc,, Nashik, 422008, India","Hall 7, level 2 / F20"
Aquapurge Ltd,+44 208 8137990,enquiries@aquapurge.com,https://www.aquapurge.com,"Unit 2, Argent Trade Park, Pump Lane,, Hayes, UB3 3BN, United Kingdom of Great Britain and Northern Ireland",Hall 5 / A28
AQUENT ADVANCE MATERIAL TECHNOLOGIES PVT LTD,+91-22-9820347304,csr@aquent.in,https://WWW.AADIBOND.COM,"607, Universal Majestic, Behind RBK International School, Chembur, Mumbai, 400043, India","Hall 7, level 1 / B23"
ARBURG GmbH + Co KG,+49 7446 33-0,contact@arburg.com,https://www.arburg.com,"Arthur-Hehl-Str., Loßburg, 72290, Germany",Open Area / E04
ARBURG GmbH + Co KG,+49-7446-33-0,contact@arburg.com,https://www.arburg.com,"Arthur-Hehl-Str., Loßburg, 72290, Germany",Hall 13 / A13-1..A13-2
AREA S.r.l.,+39 02 95327281,sales@areapackaging.com,https://www.areapackaging.com,"Via Papa Giovanni Xxiii, 18/20, Rodano (MI), 20053, Italy",Hall 13 / C12
Aref Sogutma Sistemleri Diş. Tic. Ltd. Sti.,+90 212 6130725,info@arefsogutma.com,https://www.arefsogutma.com,"Hadımköy Mah.ayasofya Cad.elvan Sok. No:3 Enco Tesisleri Hadimköy-Arnav, Istanbul, 3400, Türkiye",Hall 11 / H66
Arena Comet NV Thermal Cleaning Technologies,+32 9 3618772,info@arenacomet.eu,https://www.arenacomet.eu,"Spieveldstraat 7, Lokeren, 9160, Belgium",Hall 10 / E20
ARGE ROBOTIK OTOMASYON SAN. TIC. LTD. STI.,+90-216-5272703,info@argerobotik.com,https://www.argerobotik.com,"Aydınlar Mahallesi, Mermerciler Cd. No:12 Cekmeköy, Istanbul, Türkiye",Hall 13 / A26
ARGUS Additive Plastics GmbH,+49-2951-9909-0,mail@argus-additive.de,https://www.argus-additive.com,"Oberer Westring 3-7, Büren, 33142, Germany",Hall 6 / A39
Argus Media PLC,+44 20 45703540,info@argusmedia.com,https://www.argusmedia.com,"Lacon House 84, Theobald's Road, London, WC1X 8NL, United Kingdom of Great Britain and Northern Ireland",Hall 8a / K37
ARICON Kunststoffwerk GmbH,+49-212-38232-0,info@aricon.de,https://www.aricon.de,"Monhofer Feld 1-3, Solingen, 42697, Germany",Hall 7a / B06
ARIES POLYCHEM,+91 79 9033310777,events@ariespolychem.in,https://www.ariespolychem.in,"Servay No.657, B/H Yogi Hotel, Nr.tci Express, B/H Bharat Gas, Vadala, Kheda, 387570, India","Hall 7, level 1 / C03"
ARIOSTEA MHS S.r.l.,+39 0522 736311,sales@mhs.ariostea.com,https://www.mhs.ariostea.com,"Via della Tecnica, 10, Prato di Correggio (RE), 42015, Italy",Hall 10 / B47
ARKEMA France SA,+33-1-49008080,arkema.tradeshows@arkema.com,https://www.arkema.com,"51, Esplanade de la Défense, Puteaux, 92800, France",Hall 6 / C57
ARKIM KIMYA SANAYI A.S.,+90-212-4100405,eray.ozmert@arkim.com.tr,https://www.arkim.com.tr,"Gunesli Mimar Sinan Caddesi No. 3, Bagcilar Istanbul, 34209, Türkiye",Hall 7a / D07
Arla Plast AB,+46 141 203800,info@arlaplast.com,https://www.arlaplast.com,"Västanåvägen 2, Borensberg, 59175, Sweden",Hall 5 / D42
Armstrong (Partnership),+91-79-9712934843-91,vyom@armstrongex.com,https://www.armstrongex.com,"501, Sarap Complex - Nr Income Tax Opp. Navjivan Press, Ahmedabad Gujarat, 380014, India",Hall 12 / A27
ART MOLD ACCESSORIES A.S.,+90 262 5039850,tanerartkin@artmold.com.tr,https://www.artmold.com.tr,"Çerkeşli OSB İmes 19 Cad. No.3, Kocaeli̇, 41455, Türkiye",Hall 1 / E28
Arti Chemical Industries (Partnership),+91 98240 58059,info@artichemical.com,https://www.artichemical.com,"503, Phase 4, Gidc Naroda, Ahmedabad, 382330, India","Hall 7, level 1 / D04"
ARVIND RUB-WEB CONTROLS LIMITED,+91 91 919376017530,exports@arvindrubber.com,https://www.arvindrubber.com,"Vasna Village, 198, Chacharwadi Near Otsuka Pharma Sarkhej Bavla Road, Ahmedabad Gujarat, 382213, India",Hall 12 / C54-03
Arya Sasol Polymer Company Mohammadreza Heidarzadeh,+98 21 85922874,marketing@aryasasol.com,https://www.aryasasol.com,"7th, Floor, Kian Tower, no 2551, Naseri St, Vali-e-Asr Ave, Tehran, Iran, Tehran, 1968643111, Iran, Islamic Republic",Hall 8b / H69
ARZUFFI PVD SRL,+39 039 6012626,info@arzuffisrl.it,https://www.arzuffisrl.it,"Via del Commercio 18, Bernareggio, 20881, Italy",Hall 4 / A01
AS PLASTİK HAMMADDE SANAYİ VE TİCARET A. Torbalı Tax Office,+90-532-4493551,asplast1@outlook.com,https://www.asplastik1.com.tr,"Kazım Karabekir Mah.6911 street No:5, Torbalı/İZMİR, 35865, Türkiye","Hall 7, level 0 / B21"
ASA-RT S.r.l.,+39 011 5360884,info@asa-rt.com,https://www.asa-rt.com,"Via Monginevro 262/7, Turin, 10142, Italy",Hall 11 / H67
ASAHI KASEI EUROPE GmbH,+49-211-33992000,plastics@asahi-kasei.eu,https://www.asahi-kasei.eu,"Fringsstr. 17, Düsseldorf, 40221, Germany",Hall 8a / E23
Ascend Performance Materials LLC,+1-832-6078022,agomez2@ascendmaterials.com,https://www.ascendmaterials.com,"1010 Travis Street Suite 900, Houston TX, 77002-2929, USA",Hall 6 / A07
ASCHEM PETROKIMYA SAN. A.S.,+90-322-6342210-113,sales@aschem.com.tr,https://www.aschem.com.tr,"Adana Yumurtalık Free Zone Ceyhan, Adana, 01190, Türkiye",Hall 8b / E71-07
Asco Pompe S.r.l.,+39 02 892571,info@ascovacuum.com,https://www.ascovacuum.com,"Via Silvio Pellico, 6/8, Rozzano (MI), 20089, Italy",Hall 11 / I74
Ascom Carbonate and Chemicals Manufacturing (ACCM),+20 202 1224922008,samah.tantawi@accm.com.eg,,"48, el Nasr Street, new Maadi, Maadi, Cairo, Egypt, Cairo, 11742, Egypt","Hall 7, level 1 / C19"
Ashe Converting Equipment Ltd.,+44 1473 710912,sales@ashe.co.uk,https://www.ashe.co.uk,"Bluestem Road Ransomes Europark, Ipswich Suffolk, IP3 9RR, United Kingdom of Great Britain and Northern Ireland",Hall 3 / B92
Asia Poly Industrial Sdn Bhd,+60-33342-2567,jason.siew@asiapoly.com.my,https://www.asiapoly.com.my,"Lot 758, Jalan Haji Sirat Mukim Klang, Klang Selangor Darul Ehsan, 42100, Malaysia",Hall 8b / H70
"Asian Valve Co., Ltd.",+86-512-57775296,export@asianvalve.com,https://www.asianvalve.com,"799, Liji Rd. Shipai Kunshan City,, Suzhou Jiangsu, 215312, China",Hall 8b / E11-01
ASM SRL,+39-0444-1802445,info@asmrobotics.com,https://www.asmrobotics.com,"Via Crispi 20, Montecchio Maggiore, 36075, Italy",Hall 11 / I66
Associated Stabplast & Chemicals (Partnership),+91 744 2366302,info@associatedstabplast.com,https://www.associatedstabplast.com,"11, Small Industrial Area, Kota, 324007, India","Hall 7, level 0 / B27"
Astra Polymer Compounding Co. Ltd.,+966 13 8121232,sales@astra-polymers.com,https://www.astra-polymers.com,"P.o. Box 30740, al Khobar 31952 2nd, Industrial City, Dammam., Dammam, 31952, Saudi Arabia",Hall 8b / H83
Astropol Ltd.,+44 1942 254006,sales@astropol.uk.com,https://www.astropol.uk.com,"Wetheral Close, Hindley Green, Manchester, WN2 4HS, United Kingdom of Great Britain and Northern Ireland",Hall 5 / A29
ASUA Products S.A.,+34-94-45352-06,asua@asua.com,https://www.asua.com,"Sangroniz, 18-20, Sondica, 48150, Spain",Hall 8a / E12-09
Asya plastik ve kalip san.tic.ltd.sti,+90 212 6130622,asyakalip@asyakalip.com,https://www.asyakalip.com,"Mimar Sinan Mrk.mah. Caba.sok. Öngen Otomotiv San.sit.no:1-1, Büyükçekmece Istanbul, 34550, Türkiye",Hall 1 / C87
ATAC TEKNIK VE PLASTIK MAKINA SANAYI TIC LTD STI,+90-212-5494700,samet@atacmak.com,https://www.atacmak.com,"Bosb Karanfil Caddesi no 12 Yakuplu Beylikduzu, Istanbul, 34524, Türkiye",Hall 16 / A71
Atalant Europe S.L.,+34 96 5661828,info@atalant.com,https://www.atalant.com,"Avenida de la Industria, 13-15 Poligono Industrial Canastell, San Vicente del Raspeig, 03690, Spain",Hall 8b / F47
ATİK AMBALAJ MAKİNALARI SAN.TİC.LTD.ŞTİ,+90 542 5017801,info@atikmakina.com.tr,https://www.atikmakina.com.tr,"Ikitelli Osb, Bedrettin Dalan Bulvarı Vip Plaza No:12 Atik Makina, Istanbul/Basaksehir, 34490, Türkiye",Hall 4 / D16
Atlas Converting Equipment Ltd.,+44 1234 852-553,sales.titan@atlasconverting.com,https://www.atlasconverting.com,"Wolseley Road, Kempston, Bedford, MK42 7XT, United Kingdom of Great Britain and Northern Ireland",Hall 3 / A92
ATLAS Material Testing Technology GmbH,+49 6051 707-140,atlas.info@ametek.com,https://www.atlas-mts.com,"Vogelsbergstr. 22, Linsengericht-Altenhaßlau, 63589, Germany",Hall 10 / D27
Atom Stanz- und Schneidesysteme GmbH,+49 6331 8007-0,info@atom-germany.com,https://www.atom-germany.com,"Massachusetts Avenue 28, Pirmasens, 66953, Germany",Hall 3 / D19
August Dreckshage GmbH & Co. KG,+49 521 92590,info@dreckshage.de,https://www.dreckshage-walzen.de,"Walter-Werning-Str. 7, Bielefeld, 33699, Germany",Hall 4 / A63
AUMATECH srl,+39-0873-341256,aumatech@aumatech.it,https://www.aumatech.it,"Zona Industriale C.da Collemartino snc, San Salvo (CH), 66050, Italy",Hall 11 / I08
Aura3D Technology Inc,+86-156-18082723,sales@sunshape3d.com,https://www.sunshape3d.com,"600 N Broad Street Suite 5 #4067, Middletown DE, 19709, USA",Hall 13 / A89-2
Aurora Kunststoffe GmbH,+49 7942 9142-0,info@aurora-kunststoffe.de,https://www.aurora-kunststoffe.de,"Max-Eyth-Str. 14-16, Neuenstein, 74632, Germany",Hall 5 / C20
Auserpolimeri S.r.l.,+39 02 894507-90,ivana.castaldo@auserpolimeri.it,https://www.auserpolimeri.it,"Via Carlo Pomè 14, Rho (MI), 20017, Italy",Hall 8a / D08
Auting S.r.l.,+54 11 47523501,auting@auting.com,https://www.auting.com,"Calle 22 NRO 3851, San Martin Buenos Aires, 1650, Argentina",Hall 12 / F48
Automa by Magic Srl,+39 0542 067335,sales@automabymagic.it,https://www.automabymagic.it,"Via B. Buozzi, 28, Granarolo dell'Emilia (Bologna), 40057, Italy",Hall 14 / C32
autotherm Nenninger GmbH & Co. KG,+49 9761 9140-0,info@autotherm.net,https://www.autotherm.net,"Wichernstr. 13, Bad Königshofen i. Grabfeld, 97631, Germany",Hall 10 / D36
AUVERGNE RHONE ALPES ENTREPRISES,+33-6-79318159,tcolombari@arae.fr,https://invest-in-auvergnerhonealpes.com/,"30, Quai Perrache, Lyon, 69002, France",Hall 5 / D04-11
AV Flexologic B.V.,+31-172-503625,av@flexologic.nl,https://www.flexologic.nl,"H. Kamerlingh Onnesweg 2, Alphen Aan Den Rijn, 2408 AW, Netherlands",Hall 4 / C34
Avalon Vision Solutions,+1-770-9448445,info@avalonvision.com,https://www.avalonvision.com,"422, Thornton Road, Suite 104, Lithia Springs GA, 30122, USA",Hall 13 / A89-11
"Avalong Technology Co., Ltd.",+886 4 26396611,mixer@avalong.com,https://www.avalong.com,"No. 18, Lane 326, San Gunn Rd. Lung Ching District, Taichung City, 434, Taiwan",Hall 12 / C02-18
AVANZARE Innovacion Tecnologica S.L.,+34 941 587027,sales@avanzare.es,https://www.avanzarematerials.com,"Avenida Lentiscares 4-6, Navarrete (La Rioja), 26370, Spain",Hall 5 / E43
AVENTUS GmbH & Co. KG,+49 2581 45911000,info@aventus.global,https://www.aventus.global,"Katzheide 33, Warendorf, 48231, Germany",Hall 17 / A57
Avian Machinery Group,+86 21 67679191,sales@avianrecycle.com,https://www.avianrecycle.com,"1901, Powis Court, West Chicago IL, 60185, USA",Hall 9 / C04
Axens SA,+33-1-47142100,,https://www.axens.net,"89, Boulevard Franklin Roosevelt, Rueil Malmaison, 92500, France",Hall 5 / D04-10
Axia Plastics LLC,+31-61-5689952,poliveira@vinmar.com,https://axiaplastics.com,"Kerpener Str. 154, Kerpen, 50170, Germany",Hall 6 / E77
Axxicon B.V.,+31 499 494450,eindhoven@axxicon.com,https://www.axxicon.com,"Ekkersrijt 7501, Son, 5692 HN, Netherlands",Hall 10 / C54
Ayal Robotics And Engineering Ltd.,+972 4 99900-61,itsik@laborsave.com,https://www.laborsave.com,"Ha Melacha 16 Karmiel Industrial Zone, Karmiel, 2160100, Israel",Hall 3 / F18
Ayb Kalip ve Plastik San. Tic. Ltd. Sti.,+90 212 4851092,info@aybkalip.com,https://www.aybmold.com,"Ikitelli O.s.b. Tormak San. Sit. c Blok No:6 Basaksehir, Istanbul, 34490, Türkiye",Hall 1 / A71
AYTEK SOGUTMA IC VE DIS TIC. A.S.,,info@aytekchillers.com,https://www.aytekchillers.com,"Niyaz SK. No.12 Pk.34555 Hadimköy, Arnavutkoy/ Istanbul, 34555, Türkiye",Hall 10 / C08
Azelis Deutschland GmbH,+49-2102-8755-050,achim.oberdoerster@azelis.com,https://www.azelis.com,"Zum Siegblick 37-45, Sankt Augustin, 53757, Germany",Hall 5 / B36
AZO GmbH & Co. KG,+49 6291 920,azo-group@azo.com,https://www.azo.com,"Rosenberger Str. 28, Osterburken, 74706, Germany",Hall 10 / B21
